<?xml version="1.0" encoding="UTF-8"?>
<metadata xml:lang="en"><Esri><CreaDate>20160912</CreaDate><CreaTime>13173900</CreaTime><ArcGISFormat>1.0</ArcGISFormat><SyncOnce>TRUE</SyncOnce><DataProperties><lineage><Process ToolSource="c:\program files (x86)\arcgis\desktop10.2\ArcToolbox\Toolboxes\Data Management Tools.tbx\CalculateField" Date="20160912" Time="131739">CalculateField irr.lands.2002 STATUS_200 "non-irrigated" VB #</Process><Process ToolSource="c:\program files (x86)\arcgis\desktop10.2\ArcToolbox\Toolboxes\Data Management Tools.tbx\CalculateField" Date="20160912" Time="131810">CalculateField irr.lands.2002 STATUS_200 "non-irrigated" VB #</Process></lineage></DataProperties></Esri></metadata>
